/* Table Creation */
create table DEPOSIT(
	ACTNO int,
	CNAME varchar(50),
	BNAME varchar(50),
	AMOUNT decimal(8,2),
	ADATE DATETIME
);

INSERT INTO DEPOSIT (ACTNO, CNAME, BNAME, AMOUNT, ADATE) VALUES
(101, 'ANIL', 'VRCE', 1000.00, '1995-03-01'),
(102, 'SUNIL', 'AJNI', 5000.00, '1996-01-04'),
(103, 'MEHUL', 'KAROLBAGH', 3500.00, '1995-11-17'),
(104, 'MADHURI', 'CHANDI', 1200.00, '1995-12-17'),
(105, 'PRAMOD', 'M.G. ROAD', 3000.00, '1996-03-27'),
(106, 'SANDIP', 'ANDHERI', 2000.00, '1996-03-31'),
(107, 'SHIVANI', 'VIRAR', 1000.00, '1995-09-05'),
(108, 'KRANTI', 'NEHRU PLACE', 5000.00, '1995-07-02'),
(109, 'MINU', 'POWAI', 7000.00, '1995-08-10');

CREATE TABLE BRANCH (
    BNAME VARCHAR(50),
    CITY VARCHAR(50)
);

INSERT INTO BRANCH (BNAME, CITY) VALUES
('VRCE', 'NAGPUR'),
('AJNI', 'NAGPUR'),
('KAROLBAGH', 'DELHI'),
('CHANDI', 'DELHI'),
('DHARAMPETH', 'NAGPUR'),
('M.G. ROAD', 'BANGLORE'),
('ANDHERI', 'BOMBAY'),
('VIRAR', 'BOMBAY'),
('NEHRU PLACE', 'DELHI'),
('POWAI', 'BOMBAY');

CREATE TABLE CUSTOMERS (
    CNAME VARCHAR(50),
    CITY VARCHAR(50)
);

INSERT INTO CUSTOMERS (CNAME, CITY) VALUES
('ANIL', 'CALCUTTA'),
('SUNIL', 'DELHI'),
('MEHUL', 'BARODA'),
('MANDAR', 'PATNA'),
('MADHURI', 'NAGPUR'),
('PRAMOD', 'NAGPUR'),
('SANDIP', 'SURAT'),
('SHIVANI', 'BOMBAY'),
('KRANTI', 'BOMBAY'),
('NAREN', 'BOMBAY');

CREATE TABLE BORROW (
    LOANNO INT,
    CNAME VARCHAR(50),
    BNAME VARCHAR(50),
    AMOUNT DECIMAL(8,2)
);

INSERT INTO BORROW (LOANNO, CNAME, BNAME, AMOUNT) VALUES
(201, 'ANIL', 'VRCE', 1000.00),
(206, 'MEHUL', 'AJNI', 5000.00),
(311, 'SUNIL', 'DHARAMPETH', 3000.00),
(321, 'MADHURI', 'ANDHERI', 2000.00),
(375, 'PRAMOD', 'VIRAR', 8000.00),
(481, 'KRANTI', 'NEHRU PLACE', 3000.00);


/*............................................................ LAB - 2 ......................................................*/
/*Qu: 1*/
Select * from DEPOSIT;

/*Qu: 2*/
select * from BORROW;

/*Qu: 3*/
SELECT * FROM CUSTOMERS;

/*Qu: 4*/
SELECT ACTNO, CNAME FROM DEPOSIT;

/*Qu: 5*/
SELECT LOANNO, AMOUNT from BORROW;

/*Qu: 6*/
SELECT * FROM BORROW WHERE BNAME = 'ANDHERI';

/*Qu: 7*/
SELECT ACTNO, CNAME FROM DEPOSIT WHERE ACTNO = 106;

/*Qu: 8*/
SELECT * FROM BORROW WHERE AMOUNT > 5000;

/*Qu: 9*/
SELECT CNAME FROM DEPOSIT WHERE ADATE > '1-12-96';

/*Qu: 10*/
SELECT CNAME FROM DEPOSIT WHERE ACTNO < 105;

/*Qu: 11*/
SELECT * FROM CUSTOMERS WHERE CITY IN('NAGPUR', 'DELHI');

/*Qu: 12*/
SELECT CNAME, BNAME FROM DEPOSIT WHERE AMOUNT > 4000 AND ACTNO < 105;

/*Qu: 13*/
SELECT * FROM BORROW WHERE AMOUNT >= 3000 AND AMOUNT <= 8000;
SELECT * FROM BORROW WHERE AMOUNT BETWEEN 3000 AND 8000;

/*Qu: 14*/
SELECT * FROM DEPOSIT WHERE BNAME NOT IN('ANDHARI');

/*Qu: 15*/
SELECT ACTNO, CNAME,BNAME, AMOUNT FROM DEPOSIT WHERE BNAME IN('AJNI','KAROLBAGH','M.G.ROAD') AND ACTNO < 104;

/*Qu: 1*/
SELECT TOP 5 * FROM DEPOSIT;

/*Qu: 2*/
SELECT TOP 3 * FROM DEPOSIT WHERE AMOUNT > 1000;

/*Qu: 3*/
SELECT TOP 5 LOANNO, CNAME FROM BORROW WHERE  BNAME != 'ANDHERI';

/*Qu: 4*/
SELECT DISTINCT * FROM CUSTOMERS;

/*Qu: 5*/
SELECT DISTINCT BNAME FROM BRANCH;

/*Qu: 1*/
SELECT TOP 50 PERCENT * FROM BORROW;

/*Qu: 2*/
SELECT TOP 10 PERCENT AMOUNT FROM DEPOSIT;

/*Qu: 3*/
SELECT TOP 25 PERCENT CNAME FROM DEPOSIT WHERE AMOUNT > 5000;

/*Qu: 4*/
SELECT TOP 10 PERCENT AMOUNT FROM BORROW;

/*Qu: 5*/
SELECT LOANNO, AMOUNT, AMOUNT * 1.10 FROM BORROW;

/*Qu: 6*/
SELECT * FROM BORROW WHERE LOANNO % 2 = 1;



/*............................................................ LAB - 3 ......................................................*/
/*Qu: 1*/
/*Qu: 2*/
